{
  "metadata": {
    "model": "gpt2-medium",
    "device": "cuda",
    "timestamp": "2025-06-26T14:37:14.473788",
    "num_test_texts": 10
  },
  "baseline_results": {
    "perplexity": {
      "narrative": 23.184978485107422,
      "technical": 35.518333435058594,
      "dialogue": 13.857553482055664,
      "code": 5.944220542907715,
      "short": 42.818058013916016
    },
    "attention_patterns": {
      "narrative": [
        0.11955336481332779,
        0.21294750273227692,
        0.16246595978736877,
        0.175189808011055,
        0.387502521276474,
        0.5432964563369751,
        0.7304859757423401,
        0.7435547709465027,
        0.628940761089325,
        0.766029953956604,
        0.6434351205825806,
        0.6725267767906189,
        0.707116961479187,
        0.6370289921760559,
        0.7366524934768677,
        0.6446758508682251,
        0.7703741192817688,
        0.6903578042984009,
        0.7799291014671326,
        0.8274628520011902,
        0.8208170533180237,
        0.8179910182952881,
        0.7095439434051514,
        0.4804610013961792
      ],
      "technical": [
        0.12007686495780945,
        0.2165326327085495,
        0.1565130054950714,
        0.1631719172000885,
        0.39764177799224854,
        0.5643368363380432,
        0.7215906977653503,
        0.739414632320404,
        0.6029164791107178,
        0.779356062412262,
        0.6457037329673767,
        0.6982340812683105,
        0.7153347134590149,
        0.6444532871246338,
        0.7352431416511536,
        0.6564198136329651,
        0.7915345430374146,
        0.7311652302742004,
        0.7210372090339661,
        0.8246855139732361,
        0.8032385110855103,
        0.767233669757843,
        0.7185933589935303,
        0.44450461864471436
      ],
      "dialogue": [
        0.14933165907859802,
        0.24760672450065613,
        0.15317527949810028,
        0.17756250500679016,
        0.3539677858352661,
        0.49212005734443665,
        0.7123801708221436,
        0.6868736147880554,
        0.5711444616317749,
        0.7205430865287781,
        0.6040048599243164,
        0.6204777956008911,
        0.6801645755767822,
        0.6030724048614502,
        0.7003606557846069,
        0.7084762454032898,
        0.7400524020195007,
        0.7409813404083252,
        0.7604062557220459,
        0.8179748058319092,
        0.8183528780937195,
        0.8301823735237122,
        0.7671290040016174,
        0.5342473983764648
      ],
      "code": [
        0.06235563009977341,
        0.1448598951101303,
        0.10367074608802795,
        0.12678763270378113,
        0.25848889350891113,
        0.40610823035240173,
        0.5674952268600464,
        0.5113442540168762,
        0.47407498955726624,
        0.6291741132736206,
        0.4754050374031067,
        0.5226678848266602,
        0.5560944676399231,
        0.5098058581352234,
        0.6345887780189514,
        0.5961399674415588,
        0.6290946006774902,
        0.6114660501480103,
        0.6030364632606506,
        0.7002515196800232,
        0.6632252335548401,
        0.6351407766342163,
        0.5972585082054138,
        0.33961737155914307
      ],
      "short": [
        0.16335201263427734,
        0.28423213958740234,
        0.18881279230117798,
        0.25265535712242126,
        0.4318159818649292,
        0.5573318004608154,
        0.7537119388580322,
        0.7602428793907166,
        0.6234772205352783,
        0.7574591636657715,
        0.6653031706809998,
        0.7009482979774475,
        0.7330012917518616,
        0.6508837938308716,
        0.723845899105072,
        0.7179709672927856,
        0.8026421070098877,
        0.7823444604873657,
        0.8012802600860596,
        0.8532134294509888,
        0.8421618938446045,
        0.8380449414253235,
        0.780250072479248,
        0.5811390280723572
      ]
    },
    "hidden_states": {
      "narrative": [
        "[ 0.07961914 -0.04405197 -0.01571822 ...  0.08400154 -0.03835978\n -0.07976648]",
        "[ 1.0153708   0.94360644  1.4914814  ... -0.25153792 -0.52352047\n -0.04714883]",
        "[-0.14084256  1.5196692   1.3485157  ... -0.66318345 -0.2511754\n -0.00395131]",
        "[-0.07304677  0.6705994   0.4138071  ... -0.9331214  -1.0344579\n -0.27259308]",
        "[-0.22777703  0.29215598  0.4457761  ... -0.6919572  -0.7342725\n -0.15930393]",
        "[-0.21252465  0.23841026  0.37503123 ... -0.65349185 -0.751554\n -0.1541684 ]",
        "[-0.133042    0.12328773  0.40877074 ... -0.5138886  -0.7107444\n -0.19891945]",
        "[-0.21560878 -0.01852982  0.312696   ... -0.51041317 -0.57738954\n -0.23611021]",
        "[-0.14943087 -0.1362538   0.19492047 ... -0.6688216  -0.5436191\n -0.19327767]",
        "[-0.22930676 -0.07921001  0.22313128 ... -0.6298438  -0.56750345\n -0.27866974]",
        "[-0.2115413  -0.15623644  0.2857159  ... -0.715876   -0.59234726\n -0.25783837]",
        "[-0.26640862 -0.26745173  0.3158296  ... -0.6839002  -0.673089\n -0.35354957]",
        "[-0.36138374 -0.1402108   0.38009095 ... -0.71482    -0.6799758\n -0.38660985]",
        "[-0.42439342 -0.19523412  0.42779407 ... -0.8146292  -0.6248098\n -0.43364275]",
        "[-0.3814503  -0.24073294  0.4301561  ... -0.79940003 -0.6888809\n -0.5894343 ]",
        "[-0.42866653 -0.3636874   0.41092947 ... -1.0217627  -0.7533464\n -0.56700927]",
        "[-0.38319355 -0.39843202  0.34487343 ... -1.2573527  -0.836515\n -0.55288696]",
        "[-0.2656948  -0.42959604  0.205726   ... -1.2766356  -0.94690126\n -0.43189022]",
        "[-0.14832589 -0.3351694   0.21747237 ... -1.2382472  -1.0898882\n -0.47639245]",
        "[-0.03130084 -0.36688057  0.09769449 ... -1.3412561  -1.2840651\n -0.53374   ]",
        "[ 0.08128391 -0.2915047  -0.05547889 ... -1.4055057  -1.4283777\n -0.5809408 ]",
        "[ 0.3723428  -0.33164793 -0.08031051 ... -1.7121375  -1.4083428\n -0.6173582 ]",
        "[ 0.43205526 -0.43954948 -0.24081954 ... -1.7050338  -1.3833389\n -0.7121056 ]",
        "[ 0.6797565  -0.37952042 -0.29433334 ... -1.555048   -1.2916569\n -0.8798188 ]",
        "[ 0.01592024 -0.00231577 -0.02611982 ... -0.20511563 -0.56184274\n -0.22382604]"
      ],